id,breed,,image
Memesadolescentes0_,,Memesadolescentes0_.jpg,<PIL.PngImagePlugin.PngImageFile image mode=RGBA size=150x120 at 0x1B0CEA3A948>
Memesadolescentes1_,,Memesadolescentes1_.jpg,<PIL.PngImagePlugin.PngImageFile image mode=RGBA size=150x127 at 0x1B0CF92BF88>
Memesadolescentes2_,,Memesadolescentes2_.jpg,<PIL.JpegImagePlugin.JpegImageFile image mode=RGB size=84x150 at 0x1B0D09B6708>
Memesadolescentes3_,,Memesadolescentes3_.jpg,<PIL.JpegImagePlugin.JpegImageFile image mode=RGB size=69x150 at 0x1B0D09B6B48>
Memesadolescentes4_,,Memesadolescentes4_.jpg,<PIL.JpegImagePlugin.JpegImageFile image mode=RGB size=150x148 at 0x1B0D09B6DC8>
Memesadolescentes5_,,Memesadolescentes5_.jpg,<PIL.JpegImagePlugin.JpegImageFile image mode=RGB size=150x139 at 0x1B0D09C0088>
Memesadolescentes6_,,Memesadolescentes6_.jpg,<PIL.JpegImagePlugin.JpegImageFile image mode=RGB size=150x143 at 0x1B0D09C0308>
Memesadolescentes7_,,Memesadolescentes7_.jpg,<PIL.JpegImagePlugin.JpegImageFile image mode=RGB size=150x149 at 0x1B0D09C0588>
Memesadolescentes8_,,Memesadolescentes8_.jpg,<PIL.JpegImagePlugin.JpegImageFile image mode=RGB size=150x131 at 0x1B0D09C0808>
Memesadolescentes9_,,Memesadolescentes9_.jpg,<PIL.JpegImagePlugin.JpegImageFile image mode=RGB size=150x129 at 0x1B0D09C0A88>
Memesadolescentes10_,,Memesadolescentes10_.jpg,<PIL.JpegImagePlugin.JpegImageFile image mode=RGB size=105x150 at 0x1B0D09C0D08>
Memesadolescentes11_,,Memesadolescentes11_.jpg,<PIL.JpegImagePlugin.JpegImageFile image mode=RGB size=148x150 at 0x1B0D09C0FC8>
Memesadolescentes12_,,Memesadolescentes12_.jpg,<PIL.JpegImagePlugin.JpegImageFile image mode=RGB size=150x122 at 0x1B0D09C5388>
Memesadolescentes13_,,Memesadolescentes13_.jpg,<PIL.JpegImagePlugin.JpegImageFile image mode=RGB size=84x150 at 0x1B0D09C5708>
Memesadolescentes14_,,Memesadolescentes14_.jpg,<PIL.JpegImagePlugin.JpegImageFile image mode=RGB size=150x111 at 0x1B0D09C5A88>
Memesadolescentes15_,,Memesadolescentes15_.jpg,<PIL.JpegImagePlugin.JpegImageFile image mode=RGB size=150x150 at 0x1B0D09C5E08>
Memesadolescentes16_,,Memesadolescentes16_.jpg,<PIL.PngImagePlugin.PngImageFile image mode=RGBA size=150x102 at 0x1B0D09C91C8>
Memesadolescentes17_,,Memesadolescentes17_.jpg,<PIL.JpegImagePlugin.JpegImageFile image mode=RGB size=150x92 at 0x1B0D09C9208>
Memesadolescentes18_,,Memesadolescentes18_.jpg,<PIL.JpegImagePlugin.JpegImageFile image mode=RGB size=146x150 at 0x1B0D09C9688>
Memesadolescentes19_,,Memesadolescentes19_.jpg,<PIL.JpegImagePlugin.JpegImageFile image mode=RGB size=150x143 at 0x1B0D09C9A08>
Memesadolescentes20_,,Memesadolescentes20_.jpg,<PIL.JpegImagePlugin.JpegImageFile image mode=RGB size=112x150 at 0x1B0D09C9D88>
Memesadolescentes21_,,Memesadolescentes21_.jpg,<PIL.JpegImagePlugin.JpegImageFile image mode=RGB size=150x145 at 0x1B0D09CC148>
Memesadolescentes22_,,Memesadolescentes22_.jpg,<PIL.JpegImagePlugin.JpegImageFile image mode=RGB size=149x150 at 0x1B0D09CC4C8>
Memesadolescentes23_,,Memesadolescentes23_.jpg,<PIL.JpegImagePlugin.JpegImageFile image mode=RGB size=150x99 at 0x1B0D09CC848>
Memesadolescentes24_,,Memesadolescentes24_.jpg,<PIL.JpegImagePlugin.JpegImageFile image mode=RGB size=150x129 at 0x1B0D09CCBC8>
Memesadolescentes25_,,Memesadolescentes25_.jpg,<PIL.JpegImagePlugin.JpegImageFile image mode=RGB size=150x122 at 0x1B0D09CCF48>
Memesadolescentes26_,,Memesadolescentes26_.jpg,<PIL.JpegImagePlugin.JpegImageFile image mode=RGB size=150x134 at 0x1B0D09D2308>
Memesadolescentes27_,,Memesadolescentes27_.jpg,<PIL.JpegImagePlugin.JpegImageFile image mode=RGB size=150x145 at 0x1B0D09D2688>
Memesadolescentes28_,,Memesadolescentes28_.jpg,<PIL.JpegImagePlugin.JpegImageFile image mode=RGB size=147x150 at 0x1B0D09D2A08>
Memesadolescentes29_,,Memesadolescentes29_.jpg,<PIL.JpegImagePlugin.JpegImageFile image mode=RGB size=150x85 at 0x1B0D09D2D88>
Memesadolescentes30_,,Memesadolescentes30_.jpg,<PIL.JpegImagePlugin.JpegImageFile image mode=RGB size=150x82 at 0x1B0D09D5148>
Memesadolescentes31_,,Memesadolescentes31_.jpg,<PIL.JpegImagePlugin.JpegImageFile image mode=RGB size=150x116 at 0x1B0D09D54C8>
Memesadolescentes32_,,Memesadolescentes32_.jpg,<PIL.JpegImagePlugin.JpegImageFile image mode=RGB size=120x150 at 0x1B0D09D5848>
Memesadolescentes33_,,Memesadolescentes33_.jpg,<PIL.JpegImagePlugin.JpegImageFile image mode=RGB size=150x124 at 0x1B0D09D5BC8>
Memesadolescentes34_,,Memesadolescentes34_.jpg,<PIL.JpegImagePlugin.JpegImageFile image mode=RGB size=150x136 at 0x1B0D09D5F48>
Memesadolescentes35_,,Memesadolescentes35_.jpg,<PIL.PngImagePlugin.PngImageFile image mode=RGBA size=139x150 at 0x1B0D09DA308>
Memesadolescentes36_,,Memesadolescentes36_.jpg,<PIL.JpegImagePlugin.JpegImageFile image mode=RGB size=150x150 at 0x1B0D09DA348>
Memesadolescentes37_,,Memesadolescentes37_.jpg,<PIL.JpegImagePlugin.JpegImageFile image mode=RGB size=150x148 at 0x1B0D09DA7C8>
Memesadolescentes38_,,Memesadolescentes38_.jpg,<PIL.JpegImagePlugin.JpegImageFile image mode=RGB size=150x130 at 0x1B0D09DAB48>
Memesadolescentes39_,,Memesadolescentes39_.jpg,<PIL.JpegImagePlugin.JpegImageFile image mode=RGB size=150x111 at 0x1B0D09DAEC8>
Memesadolescentes40_,,Memesadolescentes40_.jpg,<PIL.JpegImagePlugin.JpegImageFile image mode=RGB size=150x117 at 0x1B0D09DD288>
Memesadolescentes41_,,Memesadolescentes41_.jpg,<PIL.JpegImagePlugin.JpegImageFile image mode=RGB size=150x101 at 0x1B0D09DD608>
Memesadolescentes42_,,Memesadolescentes42_.jpg,<PIL.JpegImagePlugin.JpegImageFile image mode=RGB size=150x108 at 0x1B0D09DD988>
Memesadolescentes43_,,Memesadolescentes43_.jpg,<PIL.JpegImagePlugin.JpegImageFile image mode=RGB size=150x133 at 0x1B0D09DDD08>
Memesadolescentes44_,,Memesadolescentes44_.jpg,<PIL.JpegImagePlugin.JpegImageFile image mode=RGB size=150x128 at 0x1B0D09E10C8>
Memesadolescentes45_,,Memesadolescentes45_.jpg,<PIL.JpegImagePlugin.JpegImageFile image mode=RGB size=150x136 at 0x1B0D09E1448>
Memesadolescentes46_,,Memesadolescentes46_.jpg,<PIL.JpegImagePlugin.JpegImageFile image mode=RGB size=150x138 at 0x1B0D09E17C8>
Memesadolescentes47_,,Memesadolescentes47_.jpg,<PIL.JpegImagePlugin.JpegImageFile image mode=RGB size=142x150 at 0x1B0D09E1B48>
Memesadolescentes48_,,Memesadolescentes48_.jpg,<PIL.JpegImagePlugin.JpegImageFile image mode=RGB size=150x116 at 0x1B0D09E1EC8>
Memesadolescentes49_,,Memesadolescentes49_.jpg,<PIL.JpegImagePlugin.JpegImageFile image mode=RGB size=150x109 at 0x1B0D09E6288>
Memesadolescentes50_,,Memesadolescentes50_.jpg,<PIL.JpegImagePlugin.JpegImageFile image mode=RGB size=150x133 at 0x1B0D09E6608>
Memesadolescentes51_,,Memesadolescentes51_.jpg,<PIL.JpegImagePlugin.JpegImageFile image mode=RGB size=150x150 at 0x1B0D09E6988>
Memesadolescentes52_,,Memesadolescentes52_.jpg,<PIL.JpegImagePlugin.JpegImageFile image mode=RGB size=103x150 at 0x1B0D09E6D08>
Memesadolescentes53_,,Memesadolescentes53_.jpg,<PIL.JpegImagePlugin.JpegImageFile image mode=RGB size=84x150 at 0x1B0D09E90C8>
Memesadolescentes54_,,Memesadolescentes54_.jpg,<PIL.JpegImagePlugin.JpegImageFile image mode=RGB size=150x150 at 0x1B0D09E9448>
Memesadolescentes55_,,Memesadolescentes55_.jpg,<PIL.JpegImagePlugin.JpegImageFile image mode=RGB size=150x143 at 0x1B0D09E97C8>
Memesadolescentes56_,,Memesadolescentes56_.jpg,<PIL.JpegImagePlugin.JpegImageFile image mode=RGB size=128x150 at 0x1B0D09E9B48>
Memesadolescentes57_,,Memesadolescentes57_.jpg,<PIL.JpegImagePlugin.JpegImageFile image mode=RGB size=132x150 at 0x1B0D09E9EC8>
Memesadolescentes58_,,Memesadolescentes58_.jpg,<PIL.JpegImagePlugin.JpegImageFile image mode=RGB size=150x150 at 0x1B0D09ED288>
Memesadolescentes59_,,Memesadolescentes59_.jpg,<PIL.JpegImagePlugin.JpegImageFile image mode=RGB size=127x150 at 0x1B0D09ED608>
Memesadolescentes60_,,Memesadolescentes60_.jpg,<PIL.JpegImagePlugin.JpegImageFile image mode=RGB size=140x150 at 0x1B0D09ED988>
Memesadolescentes61_,,Memesadolescentes61_.jpg,<PIL.JpegImagePlugin.JpegImageFile image mode=RGB size=150x149 at 0x1B0D09EDD08>
Memesadolescentes62_,,Memesadolescentes62_.jpg,<PIL.JpegImagePlugin.JpegImageFile image mode=RGB size=150x146 at 0x1B0D09F00C8>
Memesadolescentes63_,,Memesadolescentes63_.jpg,<PIL.JpegImagePlugin.JpegImageFile image mode=RGB size=150x96 at 0x1B0D09F0448>
Memesadolescentes64_,,Memesadolescentes64_.jpg,<PIL.JpegImagePlugin.JpegImageFile image mode=RGB size=149x150 at 0x1B0D09F07C8>
Memesadolescentes65_,,Memesadolescentes65_.jpg,<PIL.JpegImagePlugin.JpegImageFile image mode=RGB size=150x138 at 0x1B0D09F0B48>
Memesadolescentes66_,,Memesadolescentes66_.jpg,<PIL.JpegImagePlugin.JpegImageFile image mode=RGB size=150x99 at 0x1B0D09F0EC8>
Memesadolescentes67_,,Memesadolescentes67_.jpg,<PIL.JpegImagePlugin.JpegImageFile image mode=RGB size=84x150 at 0x1B0D09F3288>
Memesadolescentes68_,,Memesadolescentes68_.jpg,<PIL.JpegImagePlugin.JpegImageFile image mode=RGB size=127x150 at 0x1B0D09F3608>
Memesadolescentes69_,,Memesadolescentes69_.jpg,<PIL.JpegImagePlugin.JpegImageFile image mode=RGB size=150x146 at 0x1B0D09F3988>
Memesadolescentes70_,,Memesadolescentes70_.jpg,<PIL.JpegImagePlugin.JpegImageFile image mode=RGB size=150x133 at 0x1B0D09F3D08>
Memesadolescentes71_,,Memesadolescentes71_.jpg,<PIL.JpegImagePlugin.JpegImageFile image mode=RGB size=119x150 at 0x1B0D09F80C8>
Memesadolescentes72_,,Memesadolescentes72_.jpg,<PIL.JpegImagePlugin.JpegImageFile image mode=RGB size=150x145 at 0x1B0D09F8448>
Memesadolescentes73_,,Memesadolescentes73_.jpg,<PIL.JpegImagePlugin.JpegImageFile image mode=RGB size=150x104 at 0x1B0D09F87C8>
Memesadolescentes74_,,Memesadolescentes74_.jpg,<PIL.JpegImagePlugin.JpegImageFile image mode=RGB size=150x112 at 0x1B0D09F8B48>
Memesadolescentes75_,,Memesadolescentes75_.jpg,<PIL.JpegImagePlugin.JpegImageFile image mode=RGB size=150x150 at 0x1B0D09F8EC8>
Memesadolescentes76_,,Memesadolescentes76_.jpg,<PIL.JpegImagePlugin.JpegImageFile image mode=RGB size=150x117 at 0x1B0D09FC288>
Memesadolescentes77_,,Memesadolescentes77_.jpg,<PIL.JpegImagePlugin.JpegImageFile image mode=RGB size=150x150 at 0x1B0D09FC608>
Memesadolescentes78_,,Memesadolescentes78_.jpg,<PIL.JpegImagePlugin.JpegImageFile image mode=RGB size=84x150 at 0x1B0D09FC988>
Memesadolescentes79_,,Memesadolescentes79_.jpg,<PIL.JpegImagePlugin.JpegImageFile image mode=RGB size=150x134 at 0x1B0D09FCD08>
Memesadolescentes80_,,Memesadolescentes80_.jpg,<PIL.JpegImagePlugin.JpegImageFile image mode=RGB size=150x150 at 0x1B0D09FF0C8>
Memesadolescentes81_,,Memesadolescentes81_.jpg,<PIL.JpegImagePlugin.JpegImageFile image mode=RGB size=131x150 at 0x1B0D09FF448>
Memesadolescentes82_,,Memesadolescentes82_.jpg,<PIL.JpegImagePlugin.JpegImageFile image mode=RGB size=150x84 at 0x1B0D09FF7C8>
Memesadolescentes83_,,Memesadolescentes83_.jpg,<PIL.JpegImagePlugin.JpegImageFile image mode=RGB size=150x149 at 0x1B0D09FFB48>
Memesadolescentes84_,,Memesadolescentes84_.jpg,<PIL.JpegImagePlugin.JpegImageFile image mode=RGB size=150x126 at 0x1B0D09FFEC8>
Memesadolescentes85_,,Memesadolescentes85_.jpg,<PIL.JpegImagePlugin.JpegImageFile image mode=RGB size=139x150 at 0x1B0D0A03288>
Memesadolescentes86_,,Memesadolescentes86_.jpg,<PIL.JpegImagePlugin.JpegImageFile image mode=RGB size=150x150 at 0x1B0D0A03608>
Memesadolescentes87_,,Memesadolescentes87_.jpg,<PIL.JpegImagePlugin.JpegImageFile image mode=RGB size=139x150 at 0x1B0D0A03988>
Memesadolescentes88_,,Memesadolescentes88_.jpg,<PIL.JpegImagePlugin.JpegImageFile image mode=RGB size=125x150 at 0x1B0D0A03D08>
Memesadolescentes89_,,Memesadolescentes89_.jpg,<PIL.JpegImagePlugin.JpegImageFile image mode=RGB size=150x150 at 0x1B0D0A070C8>
Memesadolescentes90_,,Memesadolescentes90_.jpg,<PIL.JpegImagePlugin.JpegImageFile image mode=RGB size=150x150 at 0x1B0D0A07448>
Memesadolescentes91_,,Memesadolescentes91_.jpg,<PIL.JpegImagePlugin.JpegImageFile image mode=RGB size=150x149 at 0x1B0D0A077C8>
Memesadolescentes92_,,Memesadolescentes92_.jpg,<PIL.JpegImagePlugin.JpegImageFile image mode=RGB size=140x150 at 0x1B0D0A07B48>
Memesadolescentes93_,,Memesadolescentes93_.jpg,<PIL.JpegImagePlugin.JpegImageFile image mode=RGB size=150x143 at 0x1B0D0A07EC8>
Memesadolescentes94_,,Memesadolescentes94_.jpg,<PIL.JpegImagePlugin.JpegImageFile image mode=RGB size=149x150 at 0x1B0D0A0B288>
Memesadolescentes95_,,Memesadolescentes95_.jpg,<PIL.JpegImagePlugin.JpegImageFile image mode=RGB size=150x141 at 0x1B0D0A0B608>
Memesadolescentes96_,,Memesadolescentes96_.jpg,<PIL.JpegImagePlugin.JpegImageFile image mode=RGB size=150x142 at 0x1B0D0A0B988>
Memesadolescentes97_,,Memesadolescentes97_.jpg,<PIL.JpegImagePlugin.JpegImageFile image mode=RGB size=150x113 at 0x1B0D0A0BD08>
